tick,observer_x,observer_y,window_pattern,llm_description,llm_predicted_grid,ground_truth_label,grid_match_percent,memory_mode,llm_provider,llm_model
0,25,25,...../..X../.XX../..XX./.....,"I observe a pattern resembling a growing or spreading structure, similar to how bacteria might spread in a petri dish experiment.",".....
..X..
.XXX.
..XX.
.....",oscillator,84,bounded,ollama,qwen2.5:7b
1,25,25,...../.XX../.X.../.XXX./.....,"I observe a pattern resembling a tilted V or inverted triangle, with the base on the right side. This resembles the growth patterns seen in certain types of bacterial colonies under microscopy.",".....
.XXX.
..XXX
...XX
.....",oscillator,64,bounded,ollama,qwen2.5:7b
2,25,25,...../.XX../X..X./.XX../..X..,"I observe a symmetrical pattern with ""X"" cells forming a hollow diamond shape, similar to Gosper glider in Conway's Game of Life.",".....
.XX..
X.XX.
.XX..
..X..",chaotic,88,bounded,ollama,qwen2.5:7b
3,25,25,...../.XX../X..X./.XXX./.XX..,"I observe a pattern resembling a simplified tree or branching structure, with a central stem and branches extending outward. This is similar to observed patterns in natural growth processes.",".....
.XX..
X.XX.
.XXX.
.XX..",stable,76,bounded,ollama,qwen2.5:7b
4,25,25,...../.XX../X..X./X..X./.X.X.,"I observe a symmetrical pattern with X cells forming a cross shape, centered in the 5x5 grid. This resembles a simple cruciform or plus sign pattern.",".....
.XX..
X.X.X
X.X.X
.....
",oscillator,72,bounded,ollama,qwen2.5:7b
5,25,25,...../.XX../X..X./XX.XX/..X..,"I observe a pattern resembling a simple ""plus sign"" or cross, centered in the 5x5 grid. This is similar to the ""+"" symbol.",".....
.XX..
X.X.X
.XX..
.....
",chaotic,64,bounded,ollama,qwen2.5:7b
6,25,25,...../.XX../X..XX/XX.XX/.XXX.,"I observe a pattern resembling intersecting lines or an X formation, similar to the intersection of two diagonals.",".....
.XX..
X.XXX
XXX.X
.XX..

This represents the next state based on common cellular automata rules, such as Conway's Game of Life.",stable,60,bounded,ollama,qwen2.5:7b
7,25,25,...../.XXX./X...X/X..../XX.XX,"I see a pattern resembling a ""plus sign"" or cross, with two connected 'T' shapes at the bottom right and top left corners. This resembles the intersection pattern seen in cellular automata like Conway's Game of Life.",".....
.XXX.
X..X.
.XXX.
X.X.X",oscillator,64,bounded,ollama,qwen2.5:7b
8,25,25,..X../.XXX./X.XX./X..XX/XXXX.,"I observe a pattern resembling a growing or expanding structure, possibly similar to cellular automata rules like Conway's Game of Life, with central growth and peripheral decay.","..XXX
X.XXX
XX.XX
XXXX.
XXXX.",stable,28.000000000000004,bounded,ollama,qwen2.5:7b
9,25,25,.XXX./...../X..../....X/.....,"The pattern resembles a simple ladder or staircase, with 'X' forming vertical and horizontal lines in a sparse grid-like structure.",".XXX.
.....
X....
....X
.....",oscillator,72,bounded,ollama,qwen2.5:7b
10,25,25,..X../XXX../X..../...../X....,"I see a pattern resembling a growing or spreading structure, possibly similar to bacterial colonies observed in petri dishes under microscopes.","..X..
XXX..
X....
.X...
X....",oscillator,84,bounded,ollama,qwen2.5:7b
11,25,25,..XX./X.X../...../...../X....,"I observe a pattern resembling a simple ladder or stairs, with two vertical lines and horizontal bars connecting them at the top left and bottom right.","..XX.
.X.X.
.....
.....
X...X",chaotic,84,bounded,ollama,qwen2.5:7b
12,25,25,.XXX./.XXX./...../...../.....,"I observe a symmetrical pattern with 'X' characters forming vertical lines in the first three rows, resembling columns or towers. This pattern is similar to structures seen in other 2D cellular automata simulations.",".XXX.
.XXX.
.....
.....
.....",stable,80,bounded,ollama,qwen2.5:7b
13,25,25,XX.X./XX.X./..X../...../.....,"This pattern resembles a series of steps or stairs, with 'X's forming vertical and horizontal lines that intersect at the center.","XX.X.
XX.X.
..X..
.....
.....",stable,80,bounded,ollama,qwen2.5:7b
14,25,25,X..X./...X./XXX../...../.....,"I observe a pattern resembling a sideways 'E' or the letter 'F', with one vertical bar and a horizontal bar at the top.","X....  
...X.  
XXXX.  
..X..  
....X",oscillator,68,bounded,ollama,qwen2.5:7b
15,24,26,....X/.XXX./..X../XX.../X....,"I observe a pattern resembling a simplified tree or branching structure, with one trunk and multiple branches. This is similar to patterns seen in fractal geometry.","....X
.XX..
..X..
XX...
X....",oscillator,76,bounded,ollama,qwen2.5:7b
16,23,27,..XXX/.X..X/.XX../XXX../.....,"I observe a pattern resembling a growing or spreading structure, possibly similar to cellular automata like Conway's Game of Life, with a central cluster expanding outward.","..XXX
.XX.X
XX...
XXXX.
.....",stable,52,bounded,ollama,qwen2.5:7b
17,22,28,.XX../....X/X..X./.XX../.....,"The pattern resembles a symmetrical arrangement with two diagonal crosses intersecting at the center, reminiscent of an X shape.",".XX..
....X
X..X.
.XX..
.....",chaotic,68,bounded,ollama,qwen2.5:7b
18,21,29,.XXXX/XXXXX/.XXX./...../.....,"The pattern resembles a simple column with a missing bottom-right cell, similar to a tower with a missing block at the base.",".XXXX
XXXXX
.XXX.
.....
.....",stable,40,bounded,ollama,qwen2.5:7b
19,20,30,...../.X.../...X./...../.....,"I observe a symmetrical pattern with 'X' cells at the top and bottom midpoints, resembling a mirrored V-shape. This pattern is similar to binary or mirror symmetry observed in some cellular automata rules.",".....
.X...
...X.
.X...
.....",unknown,84,bounded,ollama,qwen2.5:7b
20,19,31,...../...../...../...../.....,"The window shows a uniform, empty grid with no cells present. This is a baseline or starting state often seen in cellular automata simulations.",".....
.....
.....
.....
.....",empty,100,bounded,ollama,qwen2.5:7b
21,18,32,...../...../...../...../.....,"This 5x5 grid is entirely empty, with no cells present. This pattern is uniform and homogeneous.",".....
.....
.....
.....
.....",empty,100,bounded,ollama,qwen2.5:7b
22,17,33,...../...../...../...../.....,"The window shows a uniform grid with no cells present, resembling empty space.",".....
.....
.....
.....
.....",empty,100,bounded,ollama,qwen2.5:7b
23,16,34,...../...../...../...../.....,"The window shows a uniform, empty grid with no cells present. This is similar to initial states in cellular automata like Conway's Game of Life before any evolution occurs.",".....
.....
.....
.....
.....",empty,100,bounded,ollama,qwen2.5:7b
24,15,35,...../...../...../...../.....,"This 5x5 grid is entirely empty, with no cells present. This pattern is uniform and homogeneous.",".....
.....
.....
.....
.....",empty,100,bounded,ollama,qwen2.5:7b
25,14,36,...../...../...../...../.....,"The window shows a uniform, empty grid with no cells present. This is similar to initial states in cellular automata like Conway's Game of Life before any evolution occurs.",".....
.....
.....
.....
.....",empty,100,bounded,ollama,qwen2.5:7b
26,13,37,...../...../...../...../.....,"The window shows a uniform grid with no cells present. This is a blank or empty state, similar to starting conditions in cellular automata like Conway's Game of Life.",".....
.....
.....
.....
.....",empty,100,bounded,ollama,qwen2.5:7b
27,12,38,...../...../...../...../....X,"A single cell (X) is located at the bottom-right corner of a 5x5 grid, with all other cells empty. This pattern resembles isolation.",".....
.....
.....
.....
X....",unknown,92,bounded,ollama,qwen2.5:7b
28,11,39,...../...../...../...../....X,"A single cell (X) is located at the bottom right corner of a 5x5 grid, with all other cells empty. This resembles the initial state of simple growth or isolation patterns seen in cellular automata like Conway's Game of Life.",".....
.....
.....
.....
X....",unknown,92,bounded,ollama,qwen2.5:7b
29,10,40,...../...../...../...../....X,"A single cell (X) is located at the bottom-right corner of a 5x5 grid, with all other cells empty. This resembles a simple pattern often seen in initial states of cellular automata like Conway's Game of Life.",".....
.....
.....
.....
X....",unknown,88,bounded,ollama,qwen2.5:7b
30,11,39,...../...../...../....X/...X.,"A single cell is located at the bottom-right corner of the grid, with one neighbor to its left. This resembles isolated cells often seen in simple cellular automata like Conway's Game of Life.",".....
.....
.....
..X..
X...X",unknown,84,bounded,ollama,qwen2.5:7b
31,12,38,...../...../...../...../...X.,"A single cell (X) is located at the bottom edge of the grid, with four empty rows above it. This pattern resembles a simple vertical alignment often seen in initial states of cellular automata like Conway's Game of Life.",".....
.....
.....
..X..
....",unknown,0,bounded,ollama,qwen2.5:7b
32,13,37,...../...../...../...../.....,"The window shows a uniform, empty grid with no cells present. This pattern is similar to initial states often used in cellular automata to study system evolution from a neutral state.",".....
.....
.....
.....
.....",empty,100,bounded,ollama,qwen2.5:7b
33,14,36,...../...../...../...../.....,I observe a uniform grid with no cells present. This pattern is similar to an empty state or initial condition often seen in cellular automata simulations.,".....
.....
.....
.....
.....",empty,100,bounded,ollama,qwen2.5:7b
34,15,35,...../...../...../...../.....,"The window shows a uniform, empty grid with no cells present. This is a baseline or starting state often seen in cellular automata simulations.",".....
.....
.....
.....
.....",empty,100,bounded,ollama,qwen2.5:7b
35,16,34,...../...../...../...../.....,"The window shows a uniform grid with no cells present, resembling empty space.",".....
.....
.....
.....
.....",empty,100,bounded,ollama,qwen2.5:7b
36,17,33,...../...../...../...../.....,"The window shows a uniform grid with no cells present, resembling empty space.",".....
.....
.....
.....
.....",empty,100,bounded,ollama,qwen2.5:7b
37,18,32,...../...../...../...../.....,"The window shows a uniform, empty grid with no cells present. This pattern is similar to initial states often seen in cellular automata simulations at the start or after reset.",".....
.....
.....
.....
.....",empty,100,bounded,ollama,qwen2.5:7b
38,19,31,...../...../...../...../.....,"The window shows a uniform grid with no cells present, resembling empty space.",".....
.....
.....
.....
.....",empty,100,bounded,ollama,qwen2.5:7b
39,20,30,...../...../...../...../.....,"The window shows a uniform, empty grid with no cells present. This pattern is similar to initial states in cellular automata like Conway's Game of Life before any evolution occurs.",".....
.....
.....
.....
.....",empty,100,bounded,ollama,qwen2.5:7b
40,21,29,...../...../...../...../.....,"The window shows a uniform, empty grid with no cells present. This is a baseline or starting state often seen in cellular automata simulations.",".....
.....
.....
.....
.....",empty,100,bounded,ollama,qwen2.5:7b
41,22,28,...../...../...../...../.....,"The window shows a uniform, empty grid with no cells present. This pattern is similar to initial states often seen in cellular automata simulations at the start or after reset.",".....
.....
.....
.....
.....",empty,100,bounded,ollama,qwen2.5:7b
42,23,27,..XX./...../...../...../....X,"You observe a pattern resembling a ""V"" shape, with two diagonal lines of cells meeting at the bottom right corner. This is similar to patterns seen in simple cellular automata like Conway's Game of Life.","....X
...X.
..X..
.X...
.....",chaotic,72,bounded,ollama,qwen2.5:7b
43,24,26,X..X./X.X../...../...../....X,"I observe a pattern resembling a simple ""V"" shape, with two diagonal lines intersecting at the bottom right corner and extending upwards to meet at a point. This is similar to patterns seen in cellular automata like Conway's Game of Life.","X....  
.X...  
..X..  
...X.  
....X",chaotic,84,bounded,ollama,qwen2.5:7b
44,25,25,X..../.XX../X..../...../.....,"The pattern resembles a simple horizontal line of cells with some empty space above and below, similar to a row in a Conway's Game of Life configuration.",".....
.XX..
.....
.....
.....",chaotic,80,bounded,ollama,qwen2.5:7b
45,24,25,XXX../X.X../XXX../...../.....,"This pattern resembles a sideways ""N"" or mirrored ""V"". It's similar to patterns seen in cellular automata like Conway's Game of Life, where simple rules can generate complex shapes.","XXXX.
X...X
X.... 
.....
.....",oscillator,72,bounded,ollama,qwen2.5:7b
46,23,25,.X.X./X...X/.X.X./..X../.....,"The pattern resembles a series of crosses or plus signs, with some empty spaces, reminiscent of a simple cellular automaton configuration like in Conway's Game of Life.",".X.X.
.X.X.
..X..
.X.X.
.....",chaotic,68,bounded,ollama,qwen2.5:7b
47,22,25,..XXX/.XX.X/..XXX/...X./.....,"I observe a pattern resembling a simplified version of the letter 'A'. This is similar to patterns seen in Conway's Game of Life, where simple geometric shapes can emerge from basic configurations.","..XXX
.XX.X
..XXX
...X.
.....",oscillator,52,bounded,ollama,qwen2.5:7b
48,21,25,..X../..X../..X../...XX/.....,"I see a pattern resembling ""fingers"" or ""tentacles,"" similar to structures observed in biological systems like hyphae in fungi.","..X..
..X..
.X...
...XX
....X",oscillator,76,bounded,ollama,qwen2.5:7b
49,20,25,...X./..XXX/...X./....X/.....,"I observe a pattern resembling a simplified tree or a Y-branch, with one trunk and three branches. This resembles the branching seen in natural trees or certain cellular automata configurations.",".....
X.X..
.X...
.....
.....",oscillator,80,bounded,ollama,qwen2.5:7b
50,19,25,...X./...X./...X./X..../X....,"I observe a pattern resembling a stepped pyramid or a series of overlapping triangles, similar to the ""glider"" in Conway's Game of Life.","...X.
...X.
X....
X....
X....",oscillator,84,bounded,ollama,qwen2.5:7b
51,18,25,...../...XX/...../XX.../XX...,"I observe a symmetrical pattern with two diagonal lines of cells intersecting at the center, resembling a cross or an X.",".....
...XX
.....
XX...
XX...",stable,88,bounded,ollama,qwen2.5:7b
52,17,25,...../...../...../.XX../.XX..,"I observe a symmetrical pattern with two ""X"" cells forming a vertical line, surrounded by empty spaces. This resembles a simplified version of certain biological structures or could be reminiscent of basic cellular automata patterns like those found in Conway's Game of Life.",".....
.....
.XX..
.XX..
.....",stable,80,bounded,ollama,qwen2.5:7b
53,16,25,...../...../...../..XX./..XX.,"I observe a symmetrical pattern with two ""X"" cells vertically aligned in the bottom half of the 5x5 grid, resembling a pair of touching dots or small pillars.",".....
.....
.....
..XX.
..XX.",stable,100,bounded,ollama,qwen2.5:7b
54,15,25,...../...../...../...XX/...XX,"I observe a symmetrical pattern with two ""X"" cells aligned horizontally in the bottom row, surrounded by empty spaces. This resembles a simple bar or line segment.",".....
.....
.....
.XXX.
.XXX.",stable,76,bounded,ollama,qwen2.5:7b
55,15,25,...../...../...../...XX/...XX,"I observe a pattern resembling two adjacent cells in the fourth and fifth rows, similar to how organisms might cluster together for protection or resource sharing.",".....
.....
.....
XX...
XX...",stable,68,bounded,ollama,qwen2.5:7b
